rank,percentile,ticker,company_name,score,sector,market_cap,price,liquidity,pe_ratio,fcf_yield,earnings_yield,ttm_gross_margin,ttm_operating_margin,debt_to_ebitda,roa,top_factor,value_trap,missing_factor_count,data_quality,feature_available_date,weight_pct,alloc_pct
1,99.9%,ZTO,ZTO Express (Cayman) Inc,1.7,INDUSTRIALS,17B,23.9,37M,2.1,79.3%,48.1%,24.9%,20.1%,1.7,9.4%,high_fcf_yield,False,0,good,2026-05-30,6.6%,6.6%
2,99.6%,CALM,Cal-Maine Foods Inc,1.1,CONSUMER DEFENSIVE,4B,87.1,90M,5.9,17.5%,16.8%,33.8%,25.1%,0.0,22.1%,high_earnings_yield,False,0,good,2026-04-29,6.0%,6.0%
3,99.4%,KSS,Kohl's Corporation,1.0,CONSUMER CYCLICAL,2B,19.5,62M,8.2,44.0%,12.1%,39.4%,3.2%,0.1,2.1%,high_fcf_yield,False,0,good,2026-06-29,2.2%,2.2%
4,99.4%,HLF,Herbalife Nutrition Ltd,1.0,CONSUMER DEFENSIVE,1B,12.4,17M,5.6,27.7%,17.8%,75.9%,9.1%,0.0,8.3%,high_fcf_yield,False,0,good,2026-05-30,2.0%,2.0%
5,99.2%,EIX,Edison International,0.8,UTILITIES,29B,78.7,169M,8.2,-2.1%,12.1%,37.7%,21.3%,1.1,3.9%,high_earnings_yield,False,0,good,2026-05-30,7.6%,7.6%
6,99.0%,ENR,Energizer Holdings Inc,0.8,INDUSTRIALS,1B,21.0,19M,7.4,11.0%,13.4%,40.9%,14.7%,0.1,4.4%,high_earnings_yield,False,0,good,2026-05-30,3.2%,3.2%
7,98.6%,GTX,Garrett Motion Inc,0.7,CONSUMER CYCLICAL,7B,31.0,76M,17.5,6.3%,5.7%,24.2%,14.2%,0.0,14.5%,high_earnings_yield,False,0,good,2026-05-30,3.0%,3.0%
8,98.6%,IAG,IAMGold Corporation,0.7,BASIC MATERIALS,9B,14.6,72M,8.6,14.8%,11.7%,47.9%,44.8%,0.0,16.9%,high_fcf_yield,False,0,good,2026-05-30,2.2%,2.2%
9,98.2%,BHP,BHP Group Limited,0.6,BASIC MATERIALS,212B,85.9,197M,10.1,9.5%,9.9%,82.7%,41.0%,0.1,18.7%,high_earnings_yield,False,0,good,2026-03-01,5.6%,5.6%
10,98.2%,AU,AngloGold Ashanti plc,0.6,BASIC MATERIALS,41B,82.3,182M,12.0,9.6%,8.4%,52.2%,48.1%,0.0,22.1%,high_earnings_yield,False,0,good,2026-05-30,2.7%,2.7%
11,98.1%,GFI,Gold Fields Ltd ADR,0.6,BASIC MATERIALS,30B,33.5,119M,6.2,12.8%,16.1%,52.5%,48.3%,0.1,31.7%,high_earnings_yield,False,0,good,2026-03-31,2.8%,2.8%
12,97.8%,TDC,Teradata Corp,0.6,TECHNOLOGY,3B,30.6,92M,7.0,22.7%,14.3%,60.2%,6.2%,0.2,19.7%,high_fcf_yield,False,0,good,2026-05-30,3.1%,3.1%
13,97.7%,BBWI,Bath & Body Works Inc.,0.6,CONSUMER CYCLICAL,5B,20.0,104M,5.5,22.6%,18.0%,43.2%,15.8%,0.1,14.6%,high_fcf_yield,False,0,good,2026-06-29,3.5%,3.5%
14,97.6%,M,Macy’s Inc,0.6,CONSUMER CYCLICAL,6B,24.9,112M,10.2,22.1%,9.8%,36.5%,4.5%,0.0,4.1%,high_fcf_yield,False,0,good,2026-06-29,4.0%,4.0%
15,97.4%,CARG,CarGurus,0.6,CONSUMER CYCLICAL,3B,36.0,41M,23.0,8.2%,4.4%,89.9%,21.7%,0.0,28.7%,high_fcf_yield,False,1,partial,2026-05-30,4.7%,4.7%
16,97.3%,GDDY,Godaddy Inc,0.6,TECHNOLOGY,11B,99.3,154M,15.3,12.3%,6.5%,59.8%,23.9%,0.0,10.7%,high_fcf_yield,False,1,partial,2026-05-30,5.4%,5.4%
17,97.2%,KGC,Kinross Gold Corporation,0.5,BASIC MATERIALS,28B,23.6,179M,9.9,10.7%,10.1%,52.8%,48.2%,0.0,22.1%,high_earnings_yield,False,0,good,2026-05-30,3.1%,3.1%
18,97.1%,NUTX,Nutex Health Inc,0.5,HEALTHCARE,1B,148.7,22M,11.1,25.2%,9.0%,47.5%,31.4%,0.2,10.1%,high_fcf_yield,False,1,partial,2026-05-30,2.2%,2.2%
19,96.7%,COLL,Collegium Pharmaceutical Inc,0.5,HEALTHCARE,1B,36.0,14M,19.2,22.9%,5.2%,60.7%,23.8%,0.1,4.5%,high_fcf_yield,False,1,partial,2026-05-30,3.3%,3.3%
20,96.4%,APA,APA Corporation,0.5,ENERGY,12B,36.3,179M,8.4,11.5%,11.9%,53.9%,34.6%,0.1,8.5%,high_earnings_yield,False,0,good,2026-05-30,3.3%,3.3%
21,96.3%,CMCSA,Comcast Corp,0.5,COMMUNICATION SERVICES,88B,23.7,866M,4.6,23.8%,22.0%,70.1%,15.3%,0.2,7.2%,high_fcf_yield,False,0,good,2026-05-30,6.2%,6.2%
22,96.2%,YELP,Yelp Inc,0.4,COMMUNICATION SERVICES,1B,26.3,26M,11.2,18.0%,8.9%,88.9%,12.8%,0.0,13.7%,high_fcf_yield,False,1,partial,2026-05-30,4.4%,4.4%
23,96.0%,HL,Hecla Mining Company,0.4,BASIC MATERIALS,10B,14.9,586M,36.8,4.6%,2.7%,50.9%,44.4%,0.0,8.1%,high_fcf_yield,False,0,good,2026-05-30,2.2%,2.2%
24,95.9%,AES,The AES Corporation,0.4,UTILITIES,10B,14.9,119M,7.9,-13.9%,12.6%,19.3%,16.5%,1.7,2.5%,high_fcf_yield,False,0,good,2026-05-30,5.9%,5.9%
25,95.8%,CHTR,Charter Communications Inc,0.4,COMMUNICATION SERVICES,22B,142.0,418M,3.7,22.4%,27.4%,43.3%,24.1%,0.1,3.2%,high_earnings_yield,False,1,partial,2026-05-30,4.7%,4.7%
